"filename", "language", "Markdown", "pip requirements", "TypeScript", "Python", "JSON with Comments", "JavaScript", "JSON", "TypeScript JSX", "PostCSS", "comment", "blank", "total"
"d:\MAJOR_PROJECT\codewithishant-v2\ARCHITECTURE.md", "Markdown", 0, 0, 0, 0, 0, 0, 0, 0, 0, 0, 1, 1
"d:\MAJOR_PROJECT\codewithishant-v2\FEATURE_LOG.md", "Markdown", 0, 0, 0, 0, 0, 0, 0, 0, 0, 0, 1, 1
"d:\MAJOR_PROJECT\codewithishant-v2\PROJECT_CONTEXT.md", "Markdown", 0, 0, 0, 0, 0, 0, 0, 0, 0, 0, 1, 1
"d:\MAJOR_PROJECT\codewithishant-v2\README.md", "Markdown", 120, 0, 0, 0, 0, 0, 0, 0, 0, 0, 53, 173
"d:\MAJOR_PROJECT\codewithishant-v2\backend\README.md", "Markdown", 1, 0, 0, 0, 0, 0, 0, 0, 0, 0, 0, 1
"d:\MAJOR_PROJECT\codewithishant-v2\backend\app\config.py", "Python", 0, 0, 0, 6, 0, 0, 0, 0, 0, 0, 3, 9
"d:\MAJOR_PROJECT\codewithishant-v2\backend\app\db.py", "Python", 0, 0, 0, 15, 0, 0, 0, 0, 0, 0, 8, 23
"d:\MAJOR_PROJECT\codewithishant-v2\backend\app\lib\jwt.py", "Python", 0, 0, 0, 8, 0, 0, 0, 0, 0, 0, 1, 9
"d:\MAJOR_PROJECT\codewithishant-v2\backend\app\lib\security.py", "Python", 0, 0, 0, 10, 0, 0, 0, 0, 0, 0, 5, 15
"d:\MAJOR_PROJECT\codewithishant-v2\backend\app\lib\utils.py", "Python", 0, 0, 0, 7, 0, 0, 0, 0, 0, 0, 1, 8
"d:\MAJOR_PROJECT\codewithishant-v2\backend\app\main.py", "Python", 0, 0, 0, 22, 0, 0, 0, 0, 0, 1, 12, 35
"d:\MAJOR_PROJECT\codewithishant-v2\backend\app\models\__init__.py", "Python", 0, 0, 0, 5, 0, 0, 0, 0, 0, 0, 2, 7
"d:\MAJOR_PROJECT\codewithishant-v2\backend\app\models\admin.py", "Python", 0, 0, 0, 15, 0, 0, 0, 0, 0, 0, 6, 21
"d:\MAJOR_PROJECT\codewithishant-v2\backend\app\models\note.py", "Python", 0, 0, 0, 18, 0, 0, 0, 0, 0, 0, 8, 26
"d:\MAJOR_PROJECT\codewithishant-v2\backend\app\models\topic.py", "Python", 0, 0, 0, 21, 0, 0, 0, 0, 0, 0, 7, 28
"d:\MAJOR_PROJECT\codewithishant-v2\backend\app\routes\auth.py", "Python", 0, 0, 0, 25, 0, 0, 0, 0, 0, 0, 9, 34
"d:\MAJOR_PROJECT\codewithishant-v2\backend\app\routes\deps.py", "Python", 0, 0, 0, 15, 0, 0, 0, 0, 0, 0, 6, 21
"d:\MAJOR_PROJECT\codewithishant-v2\backend\app\routes\note.py", "Python", 0, 0, 0, 63, 0, 0, 0, 0, 0, 0, 19, 82
"d:\MAJOR_PROJECT\codewithishant-v2\backend\app\routes\topic.py", "Python", 0, 0, 0, 146, 0, 0, 0, 0, 0, 15, 49, 210
"d:\MAJOR_PROJECT\codewithishant-v2\backend\app\schemas\admin.py", "Python", 0, 0, 0, 4, 0, 0, 0, 0, 0, 0, 1, 5
"d:\MAJOR_PROJECT\codewithishant-v2\backend\app\schemas\note.py", "Python", 0, 0, 0, 18, 0, 0, 0, 0, 0, 0, 4, 22
"d:\MAJOR_PROJECT\codewithishant-v2\backend\app\schemas\topic.py", "Python", 0, 0, 0, 20, 0, 0, 0, 0, 0, 1, 8, 29
"d:\MAJOR_PROJECT\codewithishant-v2\backend\app\schemas\topic_full.py", "Python", 0, 0, 0, 10, 0, 0, 0, 0, 0, 0, 4, 14
"d:\MAJOR_PROJECT\codewithishant-v2\backend\requirements.txt", "pip requirements", 0, 1, 0, 0, 0, 0, 0, 0, 0, 0, 0, 1
"d:\MAJOR_PROJECT\codewithishant-v2\backend\scripts\create_admin.py", "Python", 0, 0, 0, 15, 0, 0, 0, 0, 0, 0, 5, 20
"d:\MAJOR_PROJECT\codewithishant-v2\frontend\README.md", "Markdown", 23, 0, 0, 0, 0, 0, 0, 0, 0, 0, 14, 37
"d:\MAJOR_PROJECT\codewithishant-v2\frontend\app\admin\blogs\page.tsx", "TypeScript JSX", 0, 0, 0, 0, 0, 0, 0, 79, 0, 0, 10, 89
"d:\MAJOR_PROJECT\codewithishant-v2\frontend\app\admin\cheatsheet\page.tsx", "TypeScript JSX", 0, 0, 0, 0, 0, 0, 0, 79, 0, 0, 10, 89
"d:\MAJOR_PROJECT\codewithishant-v2\frontend\app\admin\login\page.tsx", "TypeScript JSX", 0, 0, 0, 0, 0, 0, 0, 120, 0, 11, 16, 147
"d:\MAJOR_PROJECT\codewithishant-v2\frontend\app\admin\notes\page.tsx", "TypeScript JSX", 0, 0, 0, 0, 0, 0, 0, 484, 0, 0, 66, 550
"d:\MAJOR_PROJECT\codewithishant-v2\frontend\app\admin\page.tsx", "TypeScript JSX", 0, 0, 0, 0, 0, 0, 0, 312, 0, 0, 36, 348
"d:\MAJOR_PROJECT\codewithishant-v2\frontend\app\admin\topic\page.tsx", "TypeScript JSX", 0, 0, 0, 0, 0, 0, 0, 350, 0, 5, 38, 393
"d:\MAJOR_PROJECT\codewithishant-v2\frontend\app\globals.css", "PostCSS", 0, 0, 0, 0, 0, 0, 0, 0, 194, 0, 16, 210
"d:\MAJOR_PROJECT\codewithishant-v2\frontend\app\layout.tsx", "TypeScript JSX", 0, 0, 0, 0, 0, 0, 0, 49, 0, 0, 8, 57
"d:\MAJOR_PROJECT\codewithishant-v2\frontend\app\page.tsx", "TypeScript JSX", 0, 0, 0, 0, 0, 0, 0, 40, 0, 3, 5, 48
"d:\MAJOR_PROJECT\codewithishant-v2\frontend\app\topics\[slug]\page.tsx", "TypeScript JSX", 0, 0, 0, 0, 0, 0, 0, 50, 0, 2, 8, 60
"d:\MAJOR_PROJECT\codewithishant-v2\frontend\app\topics\layout.tsx", "TypeScript JSX", 0, 0, 0, 0, 0, 0, 0, 4, 0, 0, 2, 6
"d:\MAJOR_PROJECT\codewithishant-v2\frontend\app\topics\page.tsx", "TypeScript JSX", 0, 0, 0, 0, 0, 0, 0, 37, 0, 2, 6, 45
"d:\MAJOR_PROJECT\codewithishant-v2\frontend\components\common\BrandMark.tsx", "TypeScript JSX", 0, 0, 0, 0, 0, 0, 0, 25, 0, 0, 3, 28
"d:\MAJOR_PROJECT\codewithishant-v2\frontend\components\common\MarkdownRenderer.tsx", "TypeScript JSX", 0, 0, 0, 0, 0, 0, 0, 29, 0, 1, 5, 35
"d:\MAJOR_PROJECT\codewithishant-v2\frontend\components\layout\Footer.tsx", "TypeScript JSX", 0, 0, 0, 0, 0, 0, 0, 8, 0, 0, 1, 9
"d:\MAJOR_PROJECT\codewithishant-v2\frontend\components\layout\Navbar.tsx", "TypeScript JSX", 0, 0, 0, 0, 0, 0, 0, 44, 0, 4, 6, 54
"d:\MAJOR_PROJECT\codewithishant-v2\frontend\components\layout\Sidebar.tsx", "TypeScript JSX", 0, 0, 0, 0, 0, 0, 0, 38, 0, 3, 5, 46
"d:\MAJOR_PROJECT\codewithishant-v2\frontend\components\notes\NoteCard.tsx", "TypeScript JSX", 0, 0, 0, 0, 0, 0, 0, 32, 0, 0, 4, 36
"d:\MAJOR_PROJECT\codewithishant-v2\frontend\components\public\NotePreviewCard.tsx", "TypeScript JSX", 0, 0, 0, 0, 0, 0, 0, 29, 0, 0, 4, 33
"d:\MAJOR_PROJECT\codewithishant-v2\frontend\components\public\PublicEmptyState.tsx", "TypeScript JSX", 0, 0, 0, 0, 0, 0, 0, 20, 0, 0, 3, 23
"d:\MAJOR_PROJECT\codewithishant-v2\frontend\components\public\PublicShell.tsx", "TypeScript JSX", 0, 0, 0, 0, 0, 0, 0, 21, 0, 0, 3, 24
"d:\MAJOR_PROJECT\codewithishant-v2\frontend\components\public\SectionDivider.tsx", "TypeScript JSX", 0, 0, 0, 0, 0, 0, 0, 20, 0, 0, 3, 23
"d:\MAJOR_PROJECT\codewithishant-v2\frontend\components\public\TopicCard.tsx", "TypeScript JSX", 0, 0, 0, 0, 0, 0, 0, 28, 0, 0, 4, 32
"d:\MAJOR_PROJECT\codewithishant-v2\frontend\components\public\TopicListRow.tsx", "TypeScript JSX", 0, 0, 0, 0, 0, 0, 0, 30, 0, 0, 4, 34
"d:\MAJOR_PROJECT\codewithishant-v2\frontend\components\topics\TopicCard.tsx", "TypeScript JSX", 0, 0, 0, 0, 0, 0, 0, 30, 0, 0, 4, 34
"d:\MAJOR_PROJECT\codewithishant-v2\frontend\components\topics\TopicRow.tsx", "TypeScript JSX", 0, 0, 0, 0, 0, 0, 0, 37, 0, 0, 6, 43
"d:\MAJOR_PROJECT\codewithishant-v2\frontend\components\ui\EmptyState.tsx", "TypeScript JSX", 0, 0, 0, 0, 0, 0, 0, 10, 0, 0, 2, 12
"d:\MAJOR_PROJECT\codewithishant-v2\frontend\components\ui\Eyebrow.tsx", "TypeScript JSX", 0, 0, 0, 0, 0, 0, 0, 11, 0, 0, 2, 13
"d:\MAJOR_PROJECT\codewithishant-v2\frontend\components\ui\IndexBadge.tsx", "TypeScript JSX", 0, 0, 0, 0, 0, 0, 0, 10, 0, 0, 2, 12
"d:\MAJOR_PROJECT\codewithishant-v2\frontend\components\ui\SectionRule.tsx", "TypeScript JSX", 0, 0, 0, 0, 0, 0, 0, 6, 0, 0, 2, 8
"d:\MAJOR_PROJECT\codewithishant-v2\frontend\eslint.config.mjs", "JavaScript", 0, 0, 0, 0, 0, 14, 0, 0, 0, 2, 3, 19
"d:\MAJOR_PROJECT\codewithishant-v2\frontend\lib\api.ts", "TypeScript", 0, 0, 26, 0, 0, 0, 0, 0, 0, 0, 5, 31
"d:\MAJOR_PROJECT\codewithishant-v2\frontend\lib\utils.ts", "TypeScript", 0, 0, 3, 0, 0, 0, 0, 0, 0, 0, 1, 4
"d:\MAJOR_PROJECT\codewithishant-v2\frontend\next.config.ts", "TypeScript", 0, 0, 4, 0, 0, 0, 0, 0, 0, 1, 3, 8
"d:\MAJOR_PROJECT\codewithishant-v2\frontend\package-lock.json", "JSON", 0, 0, 0, 0, 0, 0, 8468, 0, 0, 0, 1, 8469
"d:\MAJOR_PROJECT\codewithishant-v2\frontend\package.json", "JSON", 0, 0, 0, 0, 0, 0, 31, 0, 0, 0, 1, 32
"d:\MAJOR_PROJECT\codewithishant-v2\frontend\postcss.config.mjs", "JavaScript", 0, 0, 0, 0, 0, 6, 0, 0, 0, 0, 2, 8
"d:\MAJOR_PROJECT\codewithishant-v2\frontend\tailwind.config.ts", "TypeScript", 0, 0, 59, 0, 0, 0, 0, 0, 0, 0, 3, 62
"d:\MAJOR_PROJECT\codewithishant-v2\frontend\tsconfig.json", "JSON with Comments", 0, 0, 0, 0, 34, 0, 0, 0, 0, 0, 1, 35
"d:\MAJOR_PROJECT\codewithishant-v2\frontend\types\note.ts", "TypeScript", 0, 0, 6, 0, 0, 0, 0, 0, 0, 0, 1, 7
"d:\MAJOR_PROJECT\codewithishant-v2\frontend\types\topic.ts", "TypeScript", 0, 0, 7, 0, 0, 0, 0, 0, 0, 0, 1, 8
"Total", "-", 144, 1, 105, 443, 34, 20, 8499, 2032, 194, 51, 534, 12057